{
	"type": "minecraft:crafting_shapeless",
	"ingredients": [
		{
			"item": "wheat"
		},
		{
			"item": "wheat"
		},
		{
			"item": "wheat"
		},
		{
			"item": "golden_carrot"
		},
		{
			"item": "golden_carrot"
		},
		{
			"item": "golden_carrot"
		},
		{
			"item": "sugar"
		},
		{
			"tag": "dnv.vegan_food:egg_baking_replacements"
		},
		{
			"item": "milk_bucket"
		}
	],
	"result": {
		"item": "knowledge_book",
		"count": 1
	},
	"group": "dnv.golden_carrot_cake"
}