{
    "condition": "alternative",
    "terms": [
        {
            "condition": "minecraft:entity_properties",
            "entity": "this",
            "predicate": {
                "equipment": {
                    "mainhand": {
                        "nbt": "{dnv.chorus_fruit:1b}"
                    }
                }
            }
        },
        {
            "condition": "minecraft:entity_properties",
            "entity": "this",
            "predicate": {
                "equipment": {
                    "offhand": {
                        "nbt": "{dnv.chorus_fruit:1b}"
                    }
                }
            }
        }
    ]
}