{
    "type": "minecraft:chest",
    "pools": [
      {
        "rolls": {
          "min": 2,
          "max": 3
        },
        "entries": [
          {
            "type": "minecraft:item",
            "name": "minecraft:diamond",
            "weight": 50,
            "functions": [
              {
                "function": "set_count",
                "count": {
                  "min": 1,
                  "max": 3
                }
              }
            ]
          },
          {
            "type": "minecraft:item",
            "name": "minecraft:golden_apple",
            "weight": 50
          },
          {
            "type": "minecraft:item",
            "name": "minecraft:enchanted_golden_apple",
            "weight": 10
          },
          {
            "type": "minecraft:item",
            "name": "minecraft:iron_ingot",
            "weight": 50,
            "functions": [
              {
                "function": "set_count",
                "count": {
                  "min": 1,
                  "max": 4
                }
              }
            ]
          },
          {
            "type": "minecraft:item",
            "name": "minecraft:gold_ingot",
            "weight": 50,
            "functions": [
              {
                "function": "set_count",
                "count": {
                  "min": 1,
                  "max": 4
                }
              }
            ]
          },
          {
            "type": "minecraft:item",
            "name": "minecraft:emerald",
            "weight": 50,
            "functions": [
              {
                "function": "set_count",
                "count": {
                  "min": 2,
                  "max": 5
                }
              }
            ]
          },
          {
            "type": "minecraft:item",
            "name": "minecraft:lapis_lazuli",
            "weight": 50,
            "functions": [
              {
                "function": "set_count",
                "count": {
                  "min": 2,
                  "max": 5
                }
              }
            ]
          }
        ]
      },
      {
        "rolls": {
          "min": 2,
          "max": 3
        },
        "entries": [
          {
            "type": "minecraft:item",
            "name": "minecraft:diamond_chestplate",
            "weight": 25
          },
          {
            "type": "minecraft:item",
            "name": "minecraft:diamond_helmet",
            "weight": 25
          },
          {
            "type": "minecraft:item",
            "name": "minecraft:diamond_boots",
            "weight": 25
          },
          {
            "type": "minecraft:item",
            "name": "minecraft:diamond_sword",
            "weight": 25
          },
          {
            "type": "minecraft:item",
            "name": "minecraft:diamond_axe",
            "weight": 25
          },
          {
            "type": "minecraft:item",
            "name": "minecraft:diamond_pickaxe",
            "weight": 25
          },
          {
            "type": "minecraft:item",
            "name": "minecraft:book",
            "weight": 25,
            "functions": [
              {
                "function": "enchant_randomly",
                "treasure": true
              }
            ]
          }
        ]
      }
    ]
  }
  