{
    "type": "minecraft:chest",
    "pools": [
      {
        "rolls": {
          "min": 2,
          "max": 4
        },
        "entries": [
          {
            "type": "minecraft:item",
            "name": "minecraft:stick",
            "weight": 50,
            "functions": [
              {
                "function": "set_count",
                "count": {
                  "min": 1,
                  "max": 4
                }
              }
            ]
          },
          {
            "type": "minecraft:item",
            "name": "minecraft:bread",
            "weight": 50,
            "functions": [
              {
                "function": "set_count",
                "count": {
                  "min": 1,
                  "max": 2
                }
              }
            ]
          },
          {
            "type": "minecraft:item",
            "name": "minecraft:apple",
            "weight": 50,
            "functions": [
              {
                "function": "set_count",
                "count": {
                  "min": 1,
                  "max": 2
                }
              }
            ]
          },
          {
            "type": "minecraft:item",
            "name": "minecraft:coal",
            "weight": 50,
            "functions": [
              {
                "function": "set_count",
                "count": {
                  "min": 1,
                  "max": 5
                }
              }
            ]
          },
          {
            "type": "minecraft:item",
            "name": "minecraft:melon_seeds",
            "functions": [
              {
                "function": "set_count",
                "count": {
                  "min": 2,
                  "max": 4
                }
              }
            ],
            "weight": 50
          },
          {
            "type": "minecraft:item",
            "name": "minecraft:pumpkin_seeds",
            "functions": [
              {
                "function": "set_count",
                "count": {
                  "min": 2,
                  "max": 4
                }
              }
            ],
            "weight": 50
          },
          {
            "type": "minecraft:item",
            "name": "minecraft:beetroot_seeds",
            "functions": [
              {
                "function": "set_count",
                "count": {
                  "min": 2,
                  "max": 4
                }
              }
            ],
            "weight": 50
          },
          {
            "type": "minecraft:item",
            "name": "minecraft:bone",
            "weight": 50,
            "functions": [
              {
                "function": "set_count",
                "count": {
                  "min": 1,
                  "max": 4
                }
              }
            ]
          },
          {
            "type": "minecraft:item",
            "name": "minecraft:rotten_flesh",
            "weight": 50,
            "functions": [
              {
                "function": "set_count",
                "count": {
                  "min": 1,
                  "max": 4
                }
              }
            ]
          },
          {
            "type": "minecraft:item",
            "name": "minecraft:string",
            "weight": 50,
            "functions": [
              {
                "function": "set_count",
                "count": {
                  "min": 1,
                  "max": 4
                }
              }
            ]
          },
          {
            "type": "minecraft:item",
            "name": "minecraft:honey_bottle",
            "weight": 30,
            "functions": [
              {
                "function": "set_count",
                "count": {
                  "min": 0,
                  "max": 2
                }
              }
            ]
          },
          {
            "type": "minecraft:item",
            "name": "minecraft:torch",
            "weight": 50,
            "functions": [
              {
                "function": "set_count",
                "count": {
                  "min": 2,
                  "max": 4
                }
              }
            ]
          }
        ]
      }
    ]
  }
  