{
    "type": "minecraft:jigsaw",
    "biomes": "#red:has_structure/tower",
    "step": "surface_structures",
    "spawn_overrides": {
        "monster": {
          "bounding_box": "piece",
          "spawns": [
            {
              "type": "minecraft:witch",
              "weight": 1,
              "minCount": 2,
              "maxCount": 3
            }
          ]
        }
    },
    "terrain_adaptation": "beard_thin",
    "start_pool": "red:abandoned_house",
    "size": 6,
    "start_height": {
      "absolute": 0
    },
    "project_start_to_heightmap": "WORLD_SURFACE_WG",
    "max_distance_from_center": 80,
    "use_expansion_hack": false
}