{
    "type": "minecraft:jigsaw",
    "biomes": [
        "minecraft:jungle",
        "minecraft:bamboo_jungle"
      ],
    "step": "surface_structures",
    "spawn_overrides": {},
    "terrain_adaptation": "bury",
    "start_pool": "red:jungle_pyramid",
    "size": 7,
    "start_height": {
        "type": "minecraft:biased_to_bottom",
        "min_inclusive": {
          "absolute": -10
        },
        "max_inclusive": {
          "absolute": -15
        }
      },
    "project_start_to_heightmap": "WORLD_SURFACE_WG",
    "max_distance_from_center": 80,
    "use_expansion_hack": true
}