{
    "type": "minecraft:jigsaw",
    "biomes": "minecraft:desert",
    "step": "surface_structures",
    "spawn_overrides": {},
    "terrain_adaptation": "none",
    "start_pool": "red:patheon",
    "size": 7,
    "start_height": {
        "type": "minecraft:biased_to_bottom",
        "min_inclusive": {
          "absolute": -3
        },
        "max_inclusive": {
          "absolute": -5
        }
      },
    "project_start_to_heightmap": "WORLD_SURFACE_WG",
    "max_distance_from_center": 80,
    "use_expansion_hack": false
}